junction_aa,p_value,Odds_Ratio,BH_p_values
CATSRESPGQGIDEQFF_TCRBV15_TCRBJ02,4.418164066750915e-192,4.556273846046265,2.3451614866313857e-188
CASSVGGYYGYTF_TCRBV09_TCRBJ01,4.503253798661519e-163,13.53091452542773,1.1951635581647672e-159
CSARAPPWLAGDLGELFF_TCRBV20_TCRBJ02,2.1725958941338113e-96,80.43138135567284,3.84404633535409e-93
CASSVTVTVYGYTF_TCRBV02_TCRBJ01,1.7154408612021543e-61,27.998094320432525,2.2763900228152588e-58
CASKCRDAAYEQYF_TCRBV14_TCRBJ02,3.6591277341171697e-48,6.420757269520549,3.884530002538787e-45
CASSQGHGIQETQYF_TCRBV04_TCRBJ02,1.140280956589466e-46,31.172376319602566,1.008768552929481e-43
CSVRGEGDEQYF_TCRBV29_TCRBJ02,1.0448687120461143e-45,4.254873948184357,7.923090176486821e-43
CASSYSLAGGNYEQYF_TCRBV06_TCRBJ02,6.429166529570943e-42,101.75596143340175,4.26575199237032e-39
CASYAVGELFF_TCRBV06_TCRBJ02,8.441374647632733e-42,5.959667859944753,4.9785351810705053e-39
CASSLDSGTGTDTQYF_TCRBV05_TCRBJ02,1.330301883960738e-40,3.1760018850634726,7.061242400063597e-38
CASSSRLMGRGETQYF_TCRBV03_TCRBJ02,8.176600571270889e-35,23.894608277246427,3.945581439300534e-32
CASSFSTGGPVNTEAFF_TCRBV05_TCRBJ01,4.0088729365787725e-33,80.74770076239818,1.7732581289466772e-30
CSVGSGGTNEKLFF_TCRBV29_TCRBJ01,1.1121553018374834e-30,5.902887779626548,4.541015647810279e-28
CASSLRPGGGGSYEQYF_TCRBV07_TCRBJ02,3.1035946011490704e-30,10.931267661694806,1.1767057244928048e-27
CSVVRGRVTEAFF_TCRBV29_TCRBJ01,6.019967782417621e-28,2.289635318218081,2.1302659326048487e-25
CSASQGLGYNEQFF_TCRBV20_TCRBJ02,3.264243385062562e-27,4.367136647732178,1.082912742994505e-24
CSAIQGAANEKLFF_TCRBV20_TCRBJ01,1.317602831893058e-25,11.58973795385471,4.1140210774637365e-23
CASRPGLAGSYEQYF_TCRBV06_TCRBJ02,9.131013465222592e-25,8.648096908782911,2.6926344151889734e-22
CASSYSTLAAETQYF_TCRBV06_TCRBJ02,1.7040050087180193e-23,7.311754880313678,4.7604518875132876e-21
CSVAPDGYGYTF_TCRBV29_TCRBJ01,1.1630334513333016e-18,2.1432731278474906,3.0866907798385825e-16
CASPAGFWGGYTF_TCRBV30_TCRBJ01,1.907456362593211e-18,24.441120266501166,4.821323034592745e-16
CASGWGGEQFF_TCRBV10_TCRBJ02,4.091756483598981e-18,6.066166421416295,9.872292461337903e-16
CASKSGGQAIQETQYF_TCRBV27_TCRBJ02,1.7955796833197588e-17,2.473593127056713,4.14388563437447e-15
CASSLRSGVNGYTF_TCRBV05_TCRBJ01,9.364442151403178e-17,1.5434910261992354,2.0711024558186695e-14
CSASRADRTPIYGYTF_TCRBV20_TCRBJ01,2.307436614705438e-16,1.5844204913352264,4.899149420342585e-14
CASSWTLGGGMATEAFF_TCRBV07_TCRBJ01,3.6509758606333115e-16,4.887508782618522,7.453607641631391e-14
CASSQEYADSYEQYF_TCRBV04_TCRBJ02,4.931722943085467e-15,3.0471744113188013,9.695401993295429e-13
CASSLRGSYEQYF_TCRBV05_TCRBJ02,9.072819395428466e-14,2.6899012182751116,1.719947333961939e-11
CASSDRGYGYTF_TCRBV03_TCRBJ01,9.789957949099103e-14,13.342113908843505,1.7918998894420013e-11
CASRVQGIYNEQFF_TCRBV27_TCRBJ02,1.2090227510934523e-13,2.8650450601827715,2.139164254268015e-11
CATSDSTGSNEAFF_TCRBV24_TCRBJ01,1.6084966909794666e-13,4.064217604164544,2.7541614308770997e-11
CASSNHAGVMETQYF_TCRBV06_TCRBJ02,8.960495052861024e-13,2.967933219891082,1.4863221168933223e-10
CASSPNNEQFF_TCRBV07_TCRBJ02,1.0708751674129466e-12,12.458789594747529,1.7224864814024e-10
CASSESNRGKYGYTF_TCRBV25_TCRBJ01,3.3289845564979553e-12,8.200012749910506,5.197132360556219e-10
CSVEGLADDYNEQFF_TCRBV29_TCRBJ02,3.46966257631699e-12,4.632245203130726,5.26199113002588e-10
CSASGLAGNYEQYF_TCRBV20_TCRBJ02,9.936438119079186e-12,9.343528993589665,1.4650725982242312e-09
CASSGQSAHEQYF_TCRBV06_TCRBJ02,2.8478142886667524e-11,1.9413070568784463,4.085458984930574e-09
CASSQDLLTGLDEQYF_TCRBV03_TCRBJ02,3.098511327592479e-11,2.499127396017873,4.328131086016021e-09
CASSLSPPGTSGSLETQYF_TCRBV12_TCRBJ02,9.412613462626719e-11,7.417313245510392,1.2810808271698108e-08
CSARGTENTEAFF_TCRBV20_TCRBJ01,1.7054411730509976e-10,26.29957595043691,2.2631204366386737e-08
CASSYTRVYNEQFF_TCRBV06_TCRBJ02,1.8180153682824666e-10,8.508119759715894,2.353664774352032e-08
CASSLAGGEQYF_TCRBV05_TCRBJ02,4.3550742957269536e-10,1.8825704846739182,5.503984371837778e-08
CASSLSGRREQFF_TCRBV27_TCRBJ02,6.774332010646067e-10,24.83404002028204,8.362361468025425e-08
CSVASGLGEAFF_TCRBV29_TCRBJ01,9.851173238399172e-10,4.43717159232201,1.1884097170323365e-07
CAWSVHRADKFYGYTF_TCRBV30_TCRBJ01,1.4179731156133252e-09,4.159597763130992,1.672578066150118e-07
CSARTGTGEQYF_TCRBV20_TCRBJ02,1.762053323738898e-09,23.816458796672773,2.0332563135665372e-07
CASSYWGREVGANVLTF_TCRBV06_TCRBJ02,2.4648613658179686e-09,2.450857256533313,2.783720027608889e-07
CASSQGTADTQYF_TCRBV04_TCRBJ02,2.6953001599901035e-09,7.723955755291673,2.9805527602557227e-07
CASSTRTGVGYEQYF_TCRBV07_TCRBJ02,6.812605081868637e-09,3.9668259990712484,7.379858729501781e-07
CASSHRGQVPEAFF_TCRBV07_TCRBJ01,7.833086985526645e-09,4.73176494093248,8.315605143835086e-07
CASSPRAYEQYF_TCRBV09_TCRBJ02,2.9165528104754632e-08,4.890001134420416,3.0355024152948547e-06
CASSQGTGTAYEETQYF_TCRBV03_TCRBJ02,7.829368590452213e-08,8.236315032276291,7.991978553484683e-06
CASSIDPGSNQPQHF_TCRBV19_TCRBJ01,9.454412565448103e-08,2.5873416340865996,9.468683376867648e-06
CATSDLNSGIGEQFF_TCRBV24_TCRBJ02,1.0714297390416499e-07,19.421939585088253,1.0531757508950143e-05
CASSVRTGAGYEQYF_TCRBV06_TCRBJ02,1.305189543307996e-07,10.890178733242228,1.2596265628870624e-05
CASRRGAGQETQYF_TCRBV27_TCRBJ02,2.479190080682239e-07,2.157504740283034,2.3499180264752368e-05
CASTRAGTEAFF_TCRBV28_TCRBJ01,3.713989678616371e-07,3.6342033532699283,3.4585714410694206e-05
CARDGVNTEAFF_TCRBV30_TCRBJ01,4.6277957404079026e-07,10.17819386658112,4.235230998290542e-05
CASSLGRQETQYF_TCRBV05_TCRBJ02,4.7330355435906194e-07,1.8997193742005314,4.258127570403222e-05
CATSVRTREGEQYF_TCRBV15_TCRBJ02,5.144337151266657e-07,2.1178045671382804,4.5510235998205695e-05
CASSQERARYGYTF_TCRBV04_TCRBJ01,7.659522944934028e-07,9.893434092372791,6.665040621591774e-05
CASSLGGDQPQHF_TCRBV05_TCRBJ01,9.952254052181154e-07,7.246119659710504,8.520413630480252e-05
CASSTTGQGGDEQFF_TCRBV07_TCRBJ02,2.0515928714923185e-06,5.739408850103725,0.00017285484066478137
CASSWGENTEAFF_TCRBV27_TCRBJ01,2.101465729691459e-06,2.2246623134326664,0.00017429031395628538
CASSEDRGNYGYTF_TCRBV10_TCRBJ01,2.2432696821732654e-06,9.283300318072856,0.00018318885343039526
CASRVTLTGELFF_TCRBV06_TCRBJ02,3.198945361483033e-06,6.785053617825754,0.00025727275725381723
CSAELAGNQETQYF_TCRBV20_TCRBJ02,3.415947287291294e-06,15.68029319310203,0.00026856934164657027
CASSLERSGQFF_TCRBV07_TCRBJ02,3.440601965329084e-06,9.039271906348782,0.00026856934164657027
CASSLGGANVLTF_TCRBV05_TCRBJ02,3.993642420787581e-06,1.9688556741764722,0.0003072210720223258
CASGEPGTFTGELFF_TCRBV06_TCRBJ02,4.20303451528977e-06,6.676578648140575,0.0003187101029594014
CSTRQGNSPLHF_TCRBV20_TCRBJ01,4.348716350316902e-06,6.663019575768558,0.000325112484330734
CASSLAFGGYEQYF_TCRBV11_TCRBJ02,4.779184713476691e-06,4.286976907116489,0.0003523321174879761
CASSSTSAYEQYF_TCRBV07_TCRBJ02,7.94991741958794e-06,4.64007514395652,0.0005780570090845586
CASSQDPGAWDGYTF_TCRBV04_TCRBJ01,1.0607687911028275e-05,3.0148101179524724,0.0007608865869153795
CAWSAPDGVKNIQYF_TCRBV30_TCRBJ02,1.2207121222762024e-05,3.7499097098957956,0.0008639386593389444
CASSHGGPTSGGAYTQYF_TCRBV04_TCRBJ02,2.1609356491496912e-05,7.9819811438546155,0.0015092429507482317
CASSQGQSAGYTF_TCRBV04_TCRBJ01,2.9545463053523462e-05,13.322295276188052,0.002036718414131202
CASSLVQTDNEQFF_TCRBV05_TCRBJ02,4.2750282813290475e-05,12.915811580864355,0.002909211553499306
CATEDVMSSGNTIYF_TCRBV15_TCRBJ01,6.111539990240652e-05,1.654484153417069,0.004106335983316124
CSAINGGETSTDTQYF_TCRBV20_TCRBJ02,6.931224296276799e-05,2.7520132210668318,0.004598867320579656
CASSAESSGSYGYTF_TCRBV09_TCRBJ01,7.290164131069048e-05,1.972317826532341,0.004777307556507964
CASTVRVGGGYEQYF_TCRBV06_TCRBJ02,8.604923652076557e-05,12.14354738040166,0.0055701139933198
CASRPVGDTGGTYNSPLHF_TCRBV19_TCRBJ01,9.96803129427774e-05,3.602065689986498,0.0063747361578344874
CATSRTGRQETQYF_TCRBV15_TCRBJ02,0.00010233330491637573,1.42058051801694,0.006466490267810981
CASSLAGDQPQHF_TCRBV05_TCRBJ01,0.00011880786285844077,2.674302082892483,0.007419201600618866
CSARDRTSGSYEQYF_TCRBV20_TCRBJ02,0.0001288129197367924,11.69647988329915,0.007950453232126677
CASSREGPGIGANVLTF_TCRBV04_TCRBJ02,0.00014095134440500877,6.884310245645815,0.008599652139100996
CSVVSSADYGYTF_TCRBV29_TCRBJ01,0.0001501446114060785,3.24419948461634,0.009056449969812098
CSADRDSNQPQHF_TCRBV20_TCRBJ01,0.00017260362701588825,11.371355005458007,0.010169225399291045
CASSPSSGRRTDTQYF_TCRBV06_TCRBJ02,0.00017434052587330165,4.336105350527757,0.010169225399291045
CASSSGQFYGYTF_TCRBV05_TCRBJ01,0.00017434052587330165,4.336105350527757,0.010169225399291045
CSVLYLAGDAEQYF_TCRBV29_TCRBJ02,0.00019606985655965065,2.431677131032153,0.011297049036168181
CSARDTGTSSSYEQYF_TCRBV20_TCRBJ02,0.00019793247180927673,1.739311436630912,0.011297049036168181
CASSLYGGTGSRAFF_TCRBV28_TCRBJ01,0.00023112137647089595,11.046242859450489,0.013050981556462931
CASSQSPGGIQYF_TCRBV14_TCRBJ02,0.00025649905091886053,2.7896527172191248,0.014331546971340123
CASSLQGMNTEAFF_TCRBV14_TCRBJ01,0.00029821019255487453,10.76178017518827,0.016488538563346603
CASSPGHTEAFF_TCRBV09_TCRBJ01,0.00032008652528491845,6.396549656213972,0.017447909736550863
CASSNRETGRTEAFF_TCRBV28_TCRBJ01,0.00032213548496269487,2.3014661323394576,0.017447909736550863
CSATRDDGYTF_TCRBV20_TCRBJ01,0.00033646483413923053,4.887355066875891,0.018039952925363995
CASSFKQFANYGYTF_TCRBV06_TCRBJ01,0.00034487068782770153,10.599234446013515,0.018305736109894395
CSAPGGRAKLEQYF_TCRBV20_TCRBJ02,0.000459537903923455,1.4438307250945,0.02415076429728415
CASRGLAGAYNEQFF_TCRBV02_TCRBJ02,0.0005138393738809922,10.152250100341652,0.026591013349535175
CASSRGPDRYIQYF_TCRBV06_TCRBJ02,0.0005159898973251928,1.9582602132805398,0.026591013349535175
CSASRVGGYNEQFF_TCRBV20_TCRBJ02,0.000568893027813656,6.051087243853964,0.028678884105743537
CASSYLTGTKGNTIYF_TCRBV06_TCRBJ01,0.0005715792056490893,3.1885705330535306,0.028678884105743537
CSARPTGHEQYF_TCRBV20_TCRBJ02,0.0005727132093460464,10.030349455589356,0.028678884105743537
CSAVHGFAANEQFF_TCRBV20_TCRBJ02,0.0006617100178446176,9.867818046993351,0.03282576424971243
CASSLGGRNTGELFF_TCRBV07_TCRBJ02,0.0008472194117155386,4.494422984971842,0.04163926516098221
CASSQDRLTGGYTF_TCRBV04_TCRBJ01,0.0009019348803395278,1.4455567890769982,0.04390298013024558
CASSASFSRHYEQYF_TCRBV02_TCRBJ02,0.0009098206130985331,5.766610372763541,0.04390298013024558
CASSGQGRSQPQHF_TCRBV02_TCRBJ01,0.0009386717205275664,2.2219005442851008,0.04488711254558849
CASSLFPYEQYF_TCRBV04_TCRBJ02,0.0009750982598794888,1.6798481762333637,0.04618705079085824
CSASPGAYGYTF_TCRBV20_TCRBJ01,0.000983258617062355,9.42087308074455,0.04618705079085824
