junction_aa,cluster,basicity,hydrophobicity,helicity,mutation stability,pgen
CASSEASGSTGELFF,0,208.7666666666666,-0.3013333333333332,1.0773333333333333,20.333333333333332,9.308340360808703e-09
CASSETSGSTGELFF,0,209.11999999999995,-0.384,1.0673333333333335,20.2,3.310232574633641e-08
CASSFQGTEAFF,1,209.5583333333333,0.2891666666666666,1.0916666666666666,21.166666666666668,3.6995563979214386e-07
CASSLQGTEAFF,1,209.35,0.2691666666666666,1.0933333333333335,21.333333333333332,1.165034741263156e-06
CASSASFNTEAFF,2,209.58461538461538,0.23538461538461541,1.09,18.923076923076923,5.469141913726554e-09
CASSASGNTEAFF,2,208.86153846153846,-0.4038461538461537,1.0815384615384613,18.53846153846154,1.5039269653368152e-07
CASSPRGIYNEQFF,3,212.3285714285714,-0.4057142857142856,1.0264285714285712,20.142857142857142,5.459823462689324e-08
CASSPRGNYNEQFF,3,212.47142857142853,-0.9914285714285711,1.0014285714285713,19.857142857142858,5.3697850032105785e-08
CASSLGFTDTQYF,4,209.50769230769225,0.2307692307692307,1.086153846153846,21.846153846153847,1.671668415931996e-07
CASSLGTTDTQYF,4,209.47692307692301,-0.23692307692307693,1.0730769230769233,20.23076923076923,5.198798843029604e-07
CASSSGSTDTQYF,4,209.00769230769225,-0.9584615384615385,1.0446153846153847,18.307692307692307,1.0640732170475393e-06
CASSSGYTDTQYF,4,209.4307692307692,-0.5853846153846155,1.053076923076923,19.923076923076923,1.4345359618573733e-07
CASSLGYTDTQYF,4,209.58461538461535,0.0,1.0746153846153847,21.76923076923077,2.1377294211890486e-07
CASSDGSTDTQYF,4,209.08461538461535,-0.9307692307692309,1.0361538461538462,18.384615384615383,2.0788576934363917e-07
CASSLTFTDTQYF,4,210.19999999999996,0.40230769230769226,1.0815384615384616,20.615384615384617,5.803568750249958e-08
CASSFGYTDTQYF,4,209.77692307692303,0.018461538461538477,1.0730769230769233,21.615384615384617,4.2394118709812525e-08
CATSYFGAGLGNEQFF,5,209.25,0.16687499999999988,1.108125,23.0625,4.383159325108843e-14
CATSYLGAGLGNEQFF,5,209.09375,0.15187499999999987,1.109375,23.1875,2.0807523624873954e-13
CATSDFGAGLGNEQFF,5,208.96875,-0.11375000000000013,1.094375,21.8125,3.9247272431108637e-11
CATSDLGAGLGNEQFF,5,208.8125,-0.12875000000000014,1.095625,21.9375,1.3719533813268875e-10
CATSDFGAGRGNEQFF,5,210.68124999999998,-0.5843750000000001,1.07375,20.75,4.9822335911813874e-11
CAWGSSGGHQPQHF,6,211.02142857142854,-1.6278571428571424,1.0171428571428573,23.071428571428573,1.4570800529879726e-11
CAWGSSGGYQPQHF,6,210.26428571428568,-1.1542857142857144,1.0271428571428574,24.214285714285715,1.4614582543459918e-11
CASSQTENTEAFF,7,210.76923076923077,-0.35307692307692295,1.0438461538461539,17.23076923076923,7.617098643328625e-08
CASSQTGNTEAFF,7,209.77692307692308,-0.49230769230769245,1.0669230769230769,18.384615384615383,3.799213530537e-07
CASSQVGNTEAFF,7,209.54615384615383,-0.17692307692307685,1.080769230769231,18.846153846153847,1.633847832217358e-07
CAWSRGLDYEQYF,8,212.48461538461532,0.4323076923076922,1.0507692307692307,25.76923076923077,3.1669288996629574e-09
CAWSRGLSYEQYF,8,212.40769230769226,0.4046153846153846,1.059230769230769,25.692307692307693,1.6640034299874164e-08
CAWARGLDYEQYF,8,212.39230769230764,0.6638461538461538,1.069230769230769,26.0,1.8975988191283972e-10
CAWMRGLDYEQYF,8,212.92307692307688,0.8999999999999999,1.0676923076923075,25.46153846153846,1.1010457987589858e-10
CAWGRGLSYEQYF,8,212.0307692307692,0.3692307692307693,1.0707692307692305,27.0,2.5285071031414966e-09
CANSFGTWGTYEQYF,9,210.53999999999996,0.12399999999999996,1.0713333333333332,24.0,8.064859382116185e-14
CASSFGTWGTYEQYF,9,210.19333333333327,0.1866666666666667,1.0753333333333335,24.266666666666666,4.99394638870593e-10
CASSFGTSGTYEQYF,9,209.6266666666666,-0.32866666666666666,1.0706666666666669,21.266666666666666,3.3862050038248876e-08
CASSLGGETQYF,10,209.12499999999997,-0.27,1.0733333333333335,22.416666666666668,2.819555803810149e-06
CASSLSGETQYF,10,209.5333333333333,-0.23166666666666677,1.0608333333333333,21.0,7.474660074004582e-07
CASSLANTGELFF,11,209.26153846153844,0.5353846153846153,1.1061538461538463,22.0,5.788649756834354e-07
CASSLSNTGELFF,11,209.35384615384615,0.30384615384615377,1.0876923076923075,21.76923076923077,2.952650509437456e-07
CASSPANTGELFF,11,209.6307692307692,-0.209230769230769,1.0515384615384615,20.923076923076923,3.2903861470525063e-07
CASSPRDWTYEQYF,12,213.12142857142854,-0.33428571428571424,0.9921428571428571,22.5,8.714682496365074e-09
CASSPRDYTYEQYF,12,212.90714285714282,-0.5399999999999999,0.9949999999999999,20.785714285714285,6.519260631408205e-09
CASSLRDYTYEQYF,12,212.5642857142857,0.15142857142857138,1.0457142857142856,21.785714285714285,7.192450999700935e-09
CASSHRDYTYEQYF,12,213.57142857142853,-0.5192857142857142,1.0235714285714286,20.428571428571427,2.3480152932994413e-09
CASSPKDWTYEQYF,12,212.03571428571425,-0.4935714285714286,0.987142857142857,23.0,6.807990784410916e-10
CASSLIAGELFF,13,208.89166666666665,1.3533333333333333,1.1366666666666665,23.25,5.1586817207375604e-08
CASSLMAGELFF,13,209.1,1.255,1.1308333333333331,22.916666666666668,1.5507307598326842e-08
CARSLEPRGGGYTF,14,212.77142857142852,-0.8142857142857142,1.0385714285714287,23.571428571428573,5.074912908587999e-13
CASSLEPRGGGYTF,14,210.67142857142852,-0.8199999999999997,1.042142857142857,23.071428571428573,5.534891440653449e-09
CASKSSGSTDTQYF,15,209.92142857142855,-1.2471428571428567,1.0328571428571427,18.714285714285715,1.349479539703841e-08
CASRSSGSTDTQYF,15,211.0071428571428,-1.0878571428571426,1.0378571428571428,18.214285714285715,7.00072011801522e-08
CASRTSGSTDTQYF,15,211.29999999999995,-0.9614285714285715,1.0442857142857143,18.285714285714285,2.963465270364843e-07
CASSRGNYGYTF,16,211.0833333333333,-0.6916666666666668,1.0658333333333332,22.25,2.1687428306626667e-06
CASSVGNYGYTF,16,208.725,-0.20916666666666664,1.0925,22.25,3.5672104266101054e-07
CASSYRSSGSGGDKNEQFF,17,210.84210526315786,-1.4647368421052631,1.030526315789474,19.526315789473685,2.383497040070961e-15
CASSYRSSGSGGDRNEQFF,17,211.64210526315787,-1.3473684210526315,1.0342105263157897,19.157894736842106,1.450668541519897e-14
CASSDSGYEQYF,18,209.56666666666663,-0.5791666666666667,1.0299999999999998,20.75,6.539612336379537e-07
CASSDSSYEQYF,18,209.97499999999994,-0.5408333333333334,1.0174999999999998,19.333333333333332,1.2312585153649132e-06
CASSLSSYEQYF,18,210.05833333333328,0.06333333333333331,1.05,21.25,1.7360108772173425e-06
CASSDNSYEQYF,18,210.4083333333333,-0.6191666666666668,1.0125,19.0,1.715764118151985e-07
CSAQEGGETQYF,19,210.17499999999998,-0.7841666666666667,1.0341666666666665,20.583333333333332,3.618908095149756e-09
CSAQTGGETQYF,19,209.85,-0.7491666666666666,1.0541666666666667,20.5,1.062881480037174e-08
CSAMTGGETQYF,19,209.77499999999998,-0.25,1.0758333333333332,20.166666666666668,7.227623177383061e-09
CASSSTGIYGYTF,20,208.71538461538455,-0.0969230769230769,1.0984615384615384,21.153846153846153,6.431148255676707e-08
CASSSTGNYGYTF,20,208.8692307692307,-0.7276923076923077,1.0715384615384616,20.846153846153847,3.9934276578228734e-07
CASSSNGNYGYTF,20,208.9538461538461,-0.9361538461538463,1.0599999999999998,20.46153846153846,2.1515525151291873e-08
CASSLEAGEGNEQFF,21,209.8133333333333,-0.38600000000000007,1.0546666666666666,20.133333333333333,2.4165453036263367e-09
CASSLEAGEYNEQFF,21,210.50666666666663,-0.03200000000000003,1.0519999999999998,20.4,7.700126217555056e-09
CASSETGTENEKLFF,22,211.27333333333334,-0.46933333333333327,1.0353333333333332,19.866666666666667,2.0424829287351323e-09
CASSETGTGNEKLFF,22,210.41333333333333,-0.5900000000000001,1.0553333333333332,20.866666666666667,1.5571085596964838e-08
CASSETGTGYEKLFF,22,210.43333333333334,-0.20400000000000004,1.0666666666666667,22.533333333333335,2.1165267431933724e-09
CASRMAGELFF,23,211.72727272727272,0.9436363636363635,1.1127272727272728,22.545454545454547,1.1022698610548482e-08
CASRNAGELFF,23,211.6818181818182,0.30545454545454526,1.0872727272727272,22.545454545454547,1.7719894347482146e-08
CASARNYGYTF,24,211.7363636363636,-0.18000000000000005,1.0799999999999998,22.09090909090909,4.8583997692376625e-08
CASERNYGYTF,24,212.57272727272724,-0.330909090909091,1.0445454545454544,22.0,3.216453806147637e-08
CASSRNYGYTF,24,211.84545454545452,-0.45363636363636367,1.0581818181818181,21.818181818181817,1.0397187028000265e-06
CAGGRGGAGETQYF,25,209.72857142857137,-1.0599999999999998,1.0885714285714285,23.285714285714285,3.34935666601531e-11
CAGGRVGAGETQYF,25,210.15714285714282,-0.6078571428571429,1.097142857142857,22.571428571428573,3.37884470774754e-12
CAGGRGGSGETQYF,25,209.8142857142857,-1.2749999999999997,1.0714285714285714,23.071428571428573,2.658025612376129e-11
CAGGRVGSGETQYF,25,210.2428571428571,-0.8228571428571431,1.0799999999999998,22.357142857142858,3.4430654566302137e-12
CASSLGLNTEAFF,26,209.26153846153846,0.5353846153846153,1.106153846153846,22.0,1.05890966159499e-06
CASSLNLNTEAFF,26,210.03846153846155,0.4984615384615384,1.0899999999999999,20.384615384615383,6.485463530488029e-08
CASSLGQMNTEAFF,27,209.8785714285714,0.1907142857142857,1.0914285714285714,19.142857142857142,2.611186522326701e-07
CASSWGQMNTEAFF,27,210.34285714285713,0.1992857142857143,1.0764285714285713,20.642857142857142,6.318643662098012e-08
CASSQGDNEKLFF,28,210.56153846153845,-0.5484615384615387,1.0384615384615385,21.0,1.5325011669612712e-07
CASSQGFNEKLFF,28,210.83076923076922,0.027692307692307648,1.0669230769230769,22.615384615384617,7.656475823216954e-08
CSASRTSGRAADTQYF,29,212.26875,-0.9268749999999999,1.06,18.0,2.892927659982951e-10
CSASRTSGRSADTQYF,29,212.34375,-1.115,1.045,17.8125,7.61717201783322e-11
CASSLQWNTEAFF,30,210.64615384615385,0.5869230769230769,1.0753846153846154,22.307692307692307,5.0079034115641e-08
CASSLQYNTEAFF,30,210.41538461538462,0.36538461538461536,1.0784615384615384,20.46153846153846,1.1541759919532126e-08
CASSLQYYTEAFF,30,210.43846153846152,0.8107692307692307,1.0915384615384616,22.384615384615383,5.10543051684436e-09
CASSEPGQGRYEQYF,31,212.1666666666666,-1.1246666666666665,0.9966666666666665,20.933333333333334,3.098598157122542e-08
CASSESGQGRYEQYF,31,211.71333333333328,-0.9866666666666665,1.0253333333333332,20.266666666666666,1.536046928897465e-08
CASSLEGLDTQYF,32,209.61538461538458,0.1799999999999999,1.0692307692307692,22.076923076923077,6.707219552583844e-08
CASSQEGLDTQYF,32,209.96923076923073,-0.3984615384615384,1.0446153846153847,20.23076923076923,3.850048246311271e-08
CASGAGSGGYEQYF,33,208.0785714285714,-0.8128571428571431,1.0828571428571427,23.0,5.83586703308029e-10
CASGSGSGGYEQYF,33,208.16428571428568,-1.0278571428571428,1.0657142857142856,22.785714285714285,1.6565103238737936e-09
CASSFRDFPYEQYF,34,212.86428571428567,0.10857142857142861,1.0178571428571428,22.357142857142858,7.93831016796231e-09
CASSFRDFTYEQYF,34,212.67142857142855,0.3828571428571429,1.055,21.714285714285715,5.041404170357958e-09
CASSSKDFTYEQYF,34,211.26428571428568,-0.3371428571428571,1.0314285714285711,20.642857142857142,5.031619750083675e-10
CASSSRDFTYEQYF,34,212.34999999999997,-0.17785714285714288,1.0364285714285713,20.142857142857142,6.475784591433725e-09
CASSPTGASTDTQYF,35,209.4666666666666,-1.0299999999999998,1.0319999999999998,18.133333333333333,6.572908812863538e-08
CASSQTGASTDTQYF,35,209.4533333333333,-0.8859999999999999,1.058,17.466666666666665,2.9919866551486234e-08
CASSIGGRETQYF,36,211.3615384615384,-0.4892307692307692,1.0646153846153845,20.153846153846153,1.0240540113654819e-07
CASSIRGRETQYF,36,213.99999999999997,-0.4476923076923077,1.0492307692307692,19.384615384615383,1.2114284247141957e-07
CASSLRGGDRGETQYF,37,212.17499999999998,-0.9112499999999999,1.05125,21.3125,1.187356631600583e-09
CASSLRGWDRGETQYF,37,213.0125,-0.39937500000000004,1.0462500000000001,23.0625,3.6849583484300595e-10
CASSQGRNQPQHF,38,213.31538461538457,-1.98,0.9807692307692311,17.846153846153847,9.46116248413052e-07
CASSQVRNQPQHF,38,213.77692307692303,-1.4930769230769232,0.9900000000000001,17.076923076923077,1.2139299647209306e-07
CASSLGQGNQPQHF,39,210.59999999999997,-1.5371428571428571,1.0164285714285715,19.714285714285715,1.3865117459835238e-06
CASSLGTGNQPQHF,39,210.42142857142855,-1.417142857142857,1.0257142857142856,19.785714285714285,1.0372979960826892e-06
CASSQGETQYF,40,210.12727272727273,-0.6772727272727274,1.0372727272727271,19.818181818181817,1.823885964616982e-06
CASSVGETQYF,40,209.62727272727273,-0.15181818181818182,1.0654545454545454,20.454545454545453,7.500977977243165e-07
CASRPGRTSGTEETQYF,41,213.3705882352941,-1.3011764705882352,1.0058823529411764,19.0,9.594111316190775e-12
CASRPGWTSGTEETQYF,41,212.14117647058825,-0.8511764705882352,1.0129411764705885,21.235294117647058,3.5872461389685254e-12
CASKGENYGYTF,42,210.48333333333332,-0.765,1.0474999999999999,23.0,4.496356376852972e-08
CASKGTNYGYTF,42,210.1583333333333,-0.7300000000000001,1.0675,22.916666666666668,9.331794094966352e-08
CASSEGDGTYEQYF,43,209.79999999999995,-0.7135714285714287,1.032142857142857,20.642857142857142,1.1527359609605094e-08
CASSEGQGTYEQYF,43,210.2,-0.732857142857143,1.037142857142857,20.571428571428573,1.440909826572699e-07
CASSTRTGAGETQYF,44,211.1133333333333,-0.8513333333333335,1.0646666666666667,19.133333333333333,1.520790595542986e-09
CASSTRTGEGETQYF,44,211.7266666666666,-0.962,1.0386666666666666,19.066666666666666,1.7204480850873544e-09
CASSRGGNQPQHF,45,212.4307692307692,-2.022307692307692,0.9953846153846155,19.153846153846153,2.696197613733207e-06
CASSRQGNQPQHF,45,213.31538461538457,-1.98,0.9807692307692311,17.846153846153847,1.6301998771185484e-06
CASSRQGDQPQHF,45,212.99230769230766,-1.8800000000000001,0.9769230769230771,18.23076923076923,5.184330853750936e-07
CASSKQGDQPQHF,45,211.82307692307688,-2.0515384615384615,0.9715384615384617,18.76923076923077,1.0245998352749363e-07
CASSTFTDTQYF,46,210.24999999999997,0.03916666666666665,1.065,19.5,7.575672147503596e-08
CASSTGTDTQYF,46,209.46666666666667,-0.6533333333333333,1.0558333333333334,19.083333333333332,1.1100677505211606e-06
CASSLGTDTQYF,46,209.29166666666663,-0.16666666666666666,1.0716666666666668,21.0,2.1726774085069752e-06
CASALLAGGTDTQYF,47,208.59999999999997,0.1746666666666666,1.1179999999999999,21.933333333333334,1.7846799408883329e-09
CASSLLAGGTDTQYF,47,208.67999999999995,-0.026000000000000037,1.102,21.733333333333334,4.232802673803163e-07
CASSLATTNTEAFF,48,209.84999999999997,0.2507142857142857,1.0978571428571429,18.571428571428573,2.5580514183014008e-08
CASSLSTTNTEAFF,48,209.93571428571425,0.03571428571428571,1.0807142857142857,18.357142857142858,1.6342529589554875e-08
CTSSLATTNTEAFF,48,210.22857142857143,0.16214285714285712,1.087142857142857,18.428571428571427,2.8120865830038043e-14
CASSLTGGNTEAFF,49,208.94285714285712,-0.1564285714285714,1.0957142857142856,20.714285714285715,7.466219904673995e-07
CASSWTGGNTEAFF,49,209.40714285714284,-0.14785714285714288,1.0807142857142857,22.214285714285715,3.0232516862155964e-07
CASSQGQETQYF,50,210.46666666666667,-0.8508333333333334,1.0308333333333333,19.0,1.4262427655233374e-06
CASSQGSETQYF,50,209.91666666666663,-0.8583333333333334,1.0341666666666665,19.0,3.0023275250996276e-07
CASSLGGANYGYTF,51,208.1928571428571,-0.28000000000000014,1.1078571428571427,23.142857142857142,5.111869818557037e-07
CASSLGGSNYGYTF,51,208.27857142857138,-0.4950000000000001,1.0907142857142855,22.928571428571427,3.236333773197406e-07
CASSEGGGSYNEQFF,52,209.26666666666662,-0.8913333333333332,1.0473333333333332,20.733333333333334,1.9077718290060433e-07
CASSETGGSYNEQFF,52,209.86666666666665,-0.7426666666666667,1.0433333333333332,19.666666666666668,6.689880511407825e-08
CASRLGSYNEQFF,53,212.07692307692304,-0.03153846153846155,1.0607692307692307,22.0,2.0917712142197692e-07
CASSLGSYNEQFF,53,209.81538461538457,-0.037692307692307706,1.0646153846153845,21.46153846153846,1.0717917671505376e-06
CASRLGNYNEQFF,53,212.47692307692307,-0.10384615384615382,1.0561538461538462,21.692307692307693,2.029492301418109e-08
CSAHGGPGDGYTF,54,208.81538461538457,-1.5038461538461543,1.04,23.307692307692307,3.587181370463397e-11
CSARGGPGDGYTF,54,209.83846153846147,-1.3607692307692312,1.0384615384615385,23.46153846153846,2.4012011675217354e-09
CASSLTGSSYNEQFF,55,209.79333333333332,-0.2946666666666667,1.062,20.0,2.5235009888423224e-07
CASSLVGSSYNEQFF,55,209.5933333333333,-0.021333333333333353,1.074,20.4,1.3706634668146498e-07
CASSFSGGSYEQYF,56,209.18571428571425,-0.4014285714285715,1.0628571428571427,21.928571428571427,2.3319462369604816e-07
CASSFSGLSYEQYF,56,209.6785714285714,0.17499999999999996,1.0721428571428568,22.428571428571427,6.521780269380032e-08
CASSLERGYGYTF,57,211.1846153846153,-0.09615384615384616,1.0753846153846154,23.615384615384617,1.8702430272907133e-07
CASSVERGYGYTF,57,211.11538461538458,-0.23,1.0746153846153845,22.307692307692307,3.8285026244671346e-08
CASSSGTAANQPQHF,58,210.26666666666662,-1.5879999999999999,1.0273333333333337,16.8,6.33611098068492e-09
CASSSGTASNQPQHF,58,210.34666666666664,-1.7886666666666668,1.0113333333333334,16.6,7.551167303750822e-08
CASSAGNEQFF,59,209.4272727272727,-0.3854545454545455,1.0627272727272727,19.727272727272727,7.931535115177464e-07
CASSWGNEQFF,59,210.3090909090909,0.043636363636363674,1.0472727272727271,23.545454545454547,5.804212218758203e-07
CASSYNKRGKYGYTF,60,212.64666666666662,-1.0866666666666664,1.044,23.066666666666666,1.2168299001988728e-11
CASSYNKRGRYGYTF,60,213.65999999999994,-0.9380000000000001,1.0486666666666666,22.6,9.016673453851185e-11
CSASAGLEPYNEQFF,61,210.42666666666665,-0.26,1.0333333333333334,20.933333333333334,6.51152095260322e-11
CSASWGLEPYNEQFF,61,211.07333333333332,0.05466666666666668,1.0219999999999998,23.733333333333334,3.8069221471985393e-11
CASSKDLNTEAFF,62,210.65384615384616,-0.15230769230769234,1.0553846153846154,20.0,4.704168753243351e-08
CASSSDLNTEAFF,62,209.56153846153845,0.013076923076923071,1.0646153846153845,18.923076923076923,1.4293395421022862e-07
CASSLTSGSEYEQYF,63,210.04666666666662,-0.342,1.046,20.333333333333332,6.960203691008778e-09
CASSLTSGSEYTQYF,63,209.7866666666666,-0.31400000000000006,1.0619999999999998,20.266666666666666,1.1769594863206267e-10
CASSTDRGNQPQHF,64,212.79999999999995,-1.8964285714285716,0.9835714285714285,17.428571428571427,2.6838326238272887e-07
CASSTDRSNQPQHF,64,213.14999999999995,-1.8635714285714287,0.972857142857143,16.214285714285715,1.0206089578865542e-07
CATSEPDGKETQYF,65,211.54999999999995,-1.202142857142857,0.9807142857142856,19.714285714285715,2.2351103379239824e-10
CATSEPDGQETQYF,65,211.0071428571428,-1.0421428571428568,0.9864285714285712,18.714285714285715,1.046915900234676e-09
CASSLGYEQYF,66,209.83636363636361,0.2863636363636364,1.0681818181818181,23.818181818181817,4.318403487970941e-06
CASSWGYEQYF,66,210.4272727272727,0.2972727272727273,1.049090909090909,25.727272727272727,2.2572219465033315e-06
CASSQGWRDTDTQYF,67,211.8533333333333,-0.6599999999999999,1.03,20.733333333333334,1.098473399231384e-09
CASSQGWTDTDTQYF,67,210.1666666666666,-0.5473333333333333,1.0393333333333334,20.333333333333332,1.185475394389731e-09
CASSLQTTGANVLTF,68,209.26666666666662,0.10399999999999991,1.1119999999999999,19.4,3.7678375200609824e-09
CTSSLQTTGANVLTF,68,209.61999999999995,0.021333333333333353,1.102,19.266666666666666,1.728240405360067e-14
CASSVAGVAYNEQFF,69,209.37333333333333,0.26400000000000007,1.1053333333333333,19.666666666666668,8.383361904848642e-09
CVSSVAGVAYNEQFF,69,209.52666666666664,0.4546666666666666,1.1073333333333333,19.933333333333334,9.792206326180838e-14
CASSAGGHTDTQYF,70,209.62142857142854,-1.0385714285714285,1.0671428571428572,19.5,4.382689222091047e-08
CASSAGGSTDTQYF,70,208.47142857142853,-0.9114285714285713,1.0692857142857144,19.142857142857142,3.465141405044695e-07
CASSLGPYEQYF,71,210.2166666666666,-0.14749999999999996,1.0266666666666666,23.5,2.577484570897106e-06
CASSLRPYEQYF,71,213.07499999999996,-0.10250000000000004,1.01,22.666666666666668,1.1407559318031622e-06
CASSEFGTQYF,72,209.9363636363636,0.028181818181818145,1.0645454545454545,21.818181818181817,5.335081889566722e-09
CASSELGTQYF,72,209.7090909090909,0.006363636363636308,1.0663636363636362,22.0,3.316223443480938e-08
CASSAGQGRTEAFF,73,210.62142857142857,-0.5321428571428571,1.0842857142857143,19.928571428571427,4.26731574831736e-08
CASSLGQGRTEAFF,73,210.84999999999997,-0.20357142857142868,1.087142857142857,21.428571428571427,1.9403469440044277e-07
CASTQDSVSGNTIYF,74,209.45333333333332,-0.3980000000000002,1.072,17.4,1.8381312830886294e-10
CASTRDSVSGNTIYF,74,210.97333333333333,-0.39866666666666667,1.0713333333333332,17.866666666666667,1.6509985489741622e-09
CASSLGLAGDNEQFF,75,208.94666666666666,-0.034666666666666755,1.0859999999999999,21.533333333333335,2.6765759359555395e-07
CASSLGLAGGNEQFF,75,208.5533333333333,-0.08933333333333345,1.1033333333333333,22.6,2.528156164120805e-07
CASSGRGNQPQHF,76,212.4307692307692,-2.022307692307692,0.9953846153846155,19.153846153846153,1.5082255443910759e-06
CASSGVGNQPQHF,76,210.2538461538461,-1.5769230769230766,1.02,19.153846153846153,3.2369380165014287e-07
CASGTVNYGYTF,77,209.06666666666663,-0.06166666666666668,1.0999999999999999,22.333333333333332,4.48779396863812e-08
CASRTVNYGYTF,77,211.92499999999998,-0.01666666666666668,1.0833333333333333,21.5,1.3297497393555794e-07
CASSLSGRAFDEQYF,78,211.11999999999995,-0.12000000000000005,1.0653333333333332,20.933333333333334,1.157437858767499e-10
CASSLSGRASDEQYF,78,210.81999999999996,-0.6433333333333332,1.048,19.466666666666665,3.474160017149243e-10
CASSIGTGVHGYTF,79,209.12142857142854,-0.3807142857142857,1.1114285714285714,20.928571428571427,2.2196894719052254e-09
CASSIRTGVHGYTF,79,211.57142857142853,-0.3421428571428572,1.0971428571428572,20.214285714285715,1.575303366551828e-09
CASSGQANTGELFF,80,209.12142857142857,-0.27642857142857136,1.0864285714285713,20.642857142857142,1.4469173018109097e-07
CASSGQGNTGELFF,80,208.85714285714283,-0.524285714285714,1.0799999999999998,21.642857142857142,4.799971674630314e-07
